<?xml version="1.0" encoding="UTF-8"?>
<!-- Copyright 2018-2020 John Stebbins <your@email.com> -->
<component type="desktop-application">
  <id>fr.handbrake.ghb</id>
  <translation>ghb</translation>
  <update_contact>jstebbins.hb_AT_gmail.com</update_contact>
  <launchable type="desktop-id">fr.handbrake.ghb.desktop</launchable>
  <metadata_license>CC0-1.0</metadata_license>
  <project_license>GPL-2.0+</project_license>
  <name>HandBrake</name>
  <name xml:lang="zh_CN">HandBrake</name>
  <name xml:lang="tr">HandBrake</name>
  <name xml:lang="th">HandBrake</name>
  <name xml:lang="sv">HandBrake</name>
  <name xml:lang="sk">HandBrake</name>
  <name xml:lang="ru">HandBrake</name>
  <name xml:lang="ro">HandBrake</name>
  <name xml:lang="pt">HandBrake</name>
  <name xml:lang="pt_BR">HandBrake</name>
  <name xml:lang="no">HandBrake</name>
  <name xml:lang="nl">HandBrake</name>
  <name xml:lang="ko">HandBrake</name>
  <name xml:lang="ja">HandBrake</name>
  <name xml:lang="it">HandBrake</name>
  <name xml:lang="fr">HandBrake</name>
  <name xml:lang="eu">HandBrake</name>
  <name xml:lang="es">HandBrake</name>
  <name xml:lang="de">HandBrake</name>
  <name xml:lang="cs">HandBrake</name>
  <name xml:lang="af">HandBrake</name>
  <summary>Video Transcoder</summary>
  <summary xml:lang="zh_CN">视频转码器</summary>
  <summary xml:lang="sv">Video-omkodare</summary>
  <summary xml:lang="ru">Транскодер видео</summary>
  <summary xml:lang="pt_BR">Vídeo Transcodificador</summary>
  <summary xml:lang="ko">비디오 트랜스코더</summary>
  <summary xml:lang="ja">ビデオトランスコーダー</summary>
  <summary xml:lang="fr">Transcodeur vidéo</summary>
  <summary xml:lang="es">Transcodificador de video</summary>
  <summary xml:lang="de">Videotranscoder</summary>
  <summary xml:lang="cs">Převodník kódu obrazu:</summary>
  <description>
    <p>HandBrake is a tool for converting video from nearly any format to a selection of modern, widely supported codecs.</p>
    <p xml:lang="zh_CN">HandBrake 是一种几乎可以将任何格式转换为现代广泛支持的编码视频的工具。</p>
    <p xml:lang="sv">HandBrake är ett verktyg för att konvertera film från nästan vilket format som helst, till ett urval av moderna, allmänt stödda kodekar.</p>
    <p xml:lang="ru">HandBrake - это инструмент для преобразования видео практически из любого формата и набор современных, широко поддерживаемых кодеков.</p>
    <p xml:lang="pt_BR">HandBrake é uma ferramenta para converter vídeo de quase qualquer formato para uma seleção de codecs modernos e amplamente suportados.</p>
    <p xml:lang="ko">HandBrake는 현대적이며 널리 지원되는 코덱을 사용하여 대부분의 형식으로 비디오를 변환하는 도구(tool)입니다.</p>
    <p xml:lang="ja">HandBrake はほとんどの動画フォーマットを最新の広く使われているコーデックに変換するツールです。</p>
    <p xml:lang="fr">HandBrake est un outil pour la conversion de vidéos depuis quasiment tous les formats vers une sélection de codecs modernes et largement gérés.</p>
    <p xml:lang="es">HandBrake es una herramienta para convertir videos de casi cualquier formato a una selección de códecs modernos y ampliamente compatibles.</p>
    <p xml:lang="de">HandBrake ist ein Werkzeug zur Konvertierung von Videos aus nahezu jedem Format in eine Auswahl moderner, weit verbreiteter Codecs.</p>
    <p xml:lang="cs">HandBrake je nástroj na převádění obrazu ze skoro jakéhokoli formátu na výběr moderních, široce podporovaných kodeků.</p>
    <p>Reasons you'll love Handbrake:</p>
    <p xml:lang="zh_CN">您喜欢 Handbrake 的原因：</p>
    <p xml:lang="sv">Anledningar till att du kommer att älska HandBrake:</p>
    <p xml:lang="ru">Причины, по которым вы полюбите Handbrake:</p>
    <p xml:lang="pt_BR">Razões que vão fazer você adorar o Handbrake:</p>
    <p xml:lang="ko">HandBrake를 좋아하게 될 이유:</p>
    <p xml:lang="ja">あなたが Handbrake を愛用するかもしれない理由:</p>
    <p xml:lang="fr">Raisons pour lesquelles vous aimerez HandBrake:</p>
    <p xml:lang="es">Razones por las que te encantará HandBrake:</p>
    <p xml:lang="de">Gründe, warum Sie Handbremse lieben werden:</p>
    <p xml:lang="cs">Důvody, díky kterým si HandBrake zamilujete:</p>
    <p xml:lang="af">Waarom u van HandBrake sal hou:</p>
    <ul>
      <li>Convert video from nearly any format</li>
      <li xml:lang="zh_CN">几乎转换任何格式视频</li>
      <li xml:lang="sv">Konvertera video från nästan vilket format som helst</li>
      <li xml:lang="ru">Преобразование видео практически из любого формата</li>
      <li xml:lang="pt_BR">Converta vídeos de praticamente qualquer formato</li>
      <li xml:lang="ko">대부분의 형식으로 비디오 변환</li>
      <li xml:lang="ja">あらゆるフォーマットの動画を変換</li>
      <li xml:lang="fr">Convertit les vidéos virtuellement dans n’importe quel format</li>
      <li xml:lang="es">Convierte videos desde casi cualquier formato</li>
      <li xml:lang="de">Konvertiert Videodateien aus nahezu jedem Format</li>
      <li xml:lang="cs">Převod obrazu z téměř jakéhokoli formátu</li>
      <li>Free and Open Source</li>
      <li xml:lang="zh_CN">自由和开源</li>
      <li xml:lang="sv">Fri och öppen källkod</li>
      <li xml:lang="ru">Бесплатный и открытый исходный код</li>
      <li xml:lang="pt_BR">Gratuito e de Código Aberto</li>
      <li xml:lang="ko">자유 및 오픈 소스</li>
      <li xml:lang="ja">フリーかつオープンソース</li>
      <li xml:lang="it">Free e Open Source</li>
      <li xml:lang="fr">Gratuit et en source ouverte</li>
      <li xml:lang="es">Libre y de código abierto</li>
      <li xml:lang="de">Kostenlos und Open Source</li>
      <li xml:lang="cs">Zadarmo a s otevřeným zdrojovým kódem</li>
      <li xml:lang="af">Gratis en Oopbron</li>
      <li>Multi-Platform (Windows, Mac and Linux)</li>
      <li xml:lang="zh_CN">多平台（Windows，Mac 和 Linux）</li>
      <li xml:lang="sv">Multiplattform (Linux, Mac och Windows)</li>
      <li xml:lang="ru">Multi-Platform (Windows, Mac and Linux)</li>
      <li xml:lang="pt_BR">Multi-Plataforma (Linux, Mac e Windows)</li>
      <li xml:lang="ko">멀티-플랫폼 (Windows, Mac and Linux)</li>
      <li xml:lang="ja">マルチプラットフォーム (Windows、macOS および Linux)</li>
      <li xml:lang="it">Multi-piattaforma (Windows, Mac e Linux)</li>
      <li xml:lang="fr">Multiplateforme (Windows, Mac et Linux)</li>
      <li xml:lang="es">Multi-plataforma (Windows, Mac y Linux)</li>
      <li xml:lang="de">Multi-Platform (Windows, Mac und Linux)</li>
      <li xml:lang="cs">Více operačních systémů (Windows, Mac a Linux)</li>
      <li xml:lang="af">Multi-Platform (Windows, Mac en Linux)</li>
    </ul>
  </description>
  <url type="homepage">https://handbrake.fr/</url>
  <url type="help">https://handbrake.fr/docs/</url>
  <url type="bugtracker">https://github.com/HandBrake/HandBrake/issues</url>
  <url type="translate">https://www.transifex.com/HandBrakeProject/</url>
  <mimetypes>
    <mimetype>application/ogg</mimetype>
    <mimetype>application/x-extension-mp4</mimetype>
    <mimetype>application/x-flac</mimetype>
    <mimetype>application/x-matroska</mimetype>
    <mimetype>application/x-ogg</mimetype>
    <mimetype>audio/ac3</mimetype>
    <mimetype>audio/mp4</mimetype>
    <mimetype>audio/mpeg</mimetype>
    <mimetype>audio/ogg</mimetype>
    <mimetype>audio/x-flac</mimetype>
    <mimetype>audio/x-matroska</mimetype>
    <mimetype>audio/x-mp3</mimetype>
    <mimetype>audio/x-mpeg</mimetype>
    <mimetype>audio/x-vorbis</mimetype>
    <mimetype>video/mp4</mimetype>
    <mimetype>video/mp4v-es</mimetype>
    <mimetype>video/mpeg</mimetype>
    <mimetype>video/msvideo</mimetype>
    <mimetype>video/quicktime</mimetype>
    <mimetype>video/vnd.divx</mimetype>
    <mimetype>video/x-avi</mimetype>
    <mimetype>video/x-m4v</mimetype>
    <mimetype>video/x-matroska</mimetype>
    <mimetype>video/x-mpeg</mimetype>
    <mimetype>video/ogg</mimetype>
    <mimetype>video/x-ogm+ogg</mimetype>
    <mimetype>video/x-theora+ogg</mimetype>
    <mimetype>x-content/video-dvd</mimetype>
    <mimetype>x-content/video-vcd</mimetype>
    <mimetype>x-content/video-svcd</mimetype>
  </mimetypes>
  <screenshots>
    <screenshot type="default">
      <image>https://download.handbrake.fr/handbrake/images/HandBrake_1.1.x_Summary_linux.png</image>
      <caption>Main window and settings summary</caption>
      <caption xml:lang="zh_CN">主窗口和设置摘要</caption>
      <caption xml:lang="sv">Huvudfönster och inställningssammandrag</caption>
      <caption xml:lang="ru">Главное окно и обзор настроек</caption>
      <caption xml:lang="pt_BR">Janela principal e resumo das configurações</caption>
      <caption xml:lang="ko">메인화면 및 설정 요약</caption>
      <caption xml:lang="ja">メインウィンドウと設定まとめ</caption>
      <caption xml:lang="it">Finestra principale e riepilogo delle impostazioni</caption>
      <caption xml:lang="fr">Fenêtre principale et résumé des réglages</caption>
      <caption xml:lang="es">Ventana principal y resumen de ajustes</caption>
      <caption xml:lang="de">Hauptfenster und Einstellungs-Übersicht</caption>
      <caption xml:lang="cs">Hlavní okno a přehled nastavení</caption>
    </screenshot>
    <screenshot>
      <image>https://download.handbrake.fr/handbrake/images/HandBrake_1.1.x_Dimensions_linux.png</image>
      <caption>Video resolution and cropping settings</caption>
      <caption xml:lang="zh_CN">视频分辨率和裁剪设置</caption>
      <caption xml:lang="sv">Videoupplösning och beskärningsinställningar</caption>
      <caption xml:lang="ru">Разрешение видео и параметры обрезки</caption>
      <caption xml:lang="pt_BR">Resolução de vídeo e configurações de recorte</caption>
      <caption xml:lang="ko">비디오 해상도와 자르기 설정</caption>
      <caption xml:lang="ja">映像解像度とクロップ設定</caption>
      <caption xml:lang="it">Risoluzione video e impostazioni ritaglio</caption>
      <caption xml:lang="fr">Résolution vidéo et réglages de rognage.</caption>
      <caption xml:lang="es">Ajustes de Resolución y Recorte de video</caption>
      <caption xml:lang="de">Videoauflösung- und Beschneidung-Einstellungen</caption>
      <caption xml:lang="cs">Nastavení rozlišení obrazu a ořezání</caption>
    </screenshot>
    <screenshot>
      <image>https://download.handbrake.fr/handbrake/images/HandBrake_1.1.x_Video_linux.png</image>
      <caption>Video encoder settings</caption>
      <caption xml:lang="zh_CN">视频编码器设置</caption>
      <caption xml:lang="sv">Inställningar för videokodare</caption>
      <caption xml:lang="ru">Настройки видеокодера</caption>
      <caption xml:lang="pt_BR">Configurações do codificador de vídeo</caption>
      <caption xml:lang="ko">비디오 인코더 설정</caption>
      <caption xml:lang="ja">ビデオエンコーダー設定</caption>
      <caption xml:lang="it">Impostazioni codificatore video</caption>
      <caption xml:lang="fr">Réglages de l'encodeur vidéo</caption>
      <caption xml:lang="es">Ajustes del codificador de video</caption>
      <caption xml:lang="de">Einstellungen des Videoencoders</caption>
      <caption xml:lang="cs">Nastavení kodéru obrazu</caption>
      <caption xml:lang="af">Video-enkodeerderinstellings</caption>
    </screenshot>
    <screenshot>
      <image>https://download.handbrake.fr/handbrake/images/HandBrake_1.1.x_Audio_linux.png</image>
      <caption>Audio track selection and settings</caption>
      <caption xml:lang="zh_CN">音轨选择和设置</caption>
      <caption xml:lang="sv">Ljudspårsval och inställningar</caption>
      <caption xml:lang="ru">Выбор и настройка звуковой дорожки</caption>
      <caption xml:lang="pt_BR">Seleção e configurações de faixa de áudio</caption>
      <caption xml:lang="ko">오디오 트랙 선택 및 설정</caption>
      <caption xml:lang="ja">オーディオトラックの選択と設定</caption>
      <caption xml:lang="it">Selezione traccia audio e impostazioni</caption>
      <caption xml:lang="hr">Odabir zvučnog zapisa i postavke </caption>
      <caption xml:lang="fr">Sélection et réglages de la piste audio</caption>
      <caption xml:lang="es">Selección y configuración de pistas de audio</caption>
      <caption xml:lang="de">Einstellungen der Tonspurenauswahl</caption>
      <caption xml:lang="cs">Výběr a nastavení zvukové stopy</caption>
    </screenshot>
    <screenshot>
      <image>https://download.handbrake.fr/handbrake/images/HandBrake_1.1.x_Chapters_linux.png</image>
      <caption>Chapter title editing</caption>
      <caption xml:lang="zh_CN">章节标题编辑</caption>
      <caption xml:lang="sv">Redigera avsnittstitel</caption>
      <caption xml:lang="ru">Редактирование заголовка главы</caption>
      <caption xml:lang="pt_BR">Edição de títulos de capítulos</caption>
      <caption xml:lang="ko">챕터 제목 변경</caption>
      <caption xml:lang="ja">チャプタータイトルの編集</caption>
      <caption xml:lang="fr">Editer titre de chapitre</caption>
      <caption xml:lang="es">Edicion del Título del capítulo</caption>
      <caption xml:lang="de">Kapiteltitel-Editierung</caption>
      <caption xml:lang="cs">Upravení názvu kapitoly</caption>
    </screenshot>
  </screenshots>
  <provides>
    <binary>ghb</binary>
  </provides>
  <releases>
    <release version="20200612190754-7ed5837" date="2020-06-12"/>
  </releases>
  <content_rating type="oars-1.1">
    <content_attribute id="violence-cartoon">none</content_attribute>
    <content_attribute id="violence-fantasy">none</content_attribute>
    <content_attribute id="violence-realistic">none</content_attribute>
    <content_attribute id="violence-bloodshed">none</content_attribute>
    <content_attribute id="violence-sexual">none</content_attribute>
    <content_attribute id="violence-desecration">none</content_attribute>
    <content_attribute id="violence-slavery">none</content_attribute>
    <content_attribute id="violence-worship">none</content_attribute>
    <content_attribute id="drugs-alcohol">none</content_attribute>
    <content_attribute id="drugs-narcotics">none</content_attribute>
    <content_attribute id="drugs-tobacco">none</content_attribute>
    <content_attribute id="sex-nudity">none</content_attribute>
    <content_attribute id="sex-themes">none</content_attribute>
    <content_attribute id="sex-homosexuality">none</content_attribute>
    <content_attribute id="sex-prostitution">none</content_attribute>
    <content_attribute id="sex-adultery">none</content_attribute>
    <content_attribute id="sex-appearance">none</content_attribute>
    <content_attribute id="language-profanity">none</content_attribute>
    <content_attribute id="language-humor">none</content_attribute>
    <content_attribute id="language-discrimination">none</content_attribute>
    <content_attribute id="social-chat">none</content_attribute>
    <content_attribute id="social-info">none</content_attribute>
    <content_attribute id="social-audio">none</content_attribute>
    <content_attribute id="social-location">none</content_attribute>
    <content_attribute id="social-contacts">none</content_attribute>
    <content_attribute id="money-purchasing">none</content_attribute>
    <content_attribute id="money-gambling">none</content_attribute>
  </content_rating>
</component>
